{
  "kgsPellets": {
    "average": 32.72457985733285,
    "totalClaims": 8271,
    "totalKgPellets": 270665
  },
  "carbonCredits": {
    "average": 298.1209225003055,
    "totalClaims": 8271,
    "totalCarbonCredits": 2465758.1500000264
  },
  "amountOfStoves": 1186,
  "amountOfPurchases": 8271
}