{
  "kgsPellets": {
    "average": 31.475409836065573,
    "totalClaims": 61,
    "totalKgPellets": 1920
  },
  "carbonCredits": {
    "average": 344.3409836065577,
    "totalClaims": 61,
    "totalCarbonCredits": 21004.80000000002
  },
  "amountOfStoves": 58,
  "amountOfPurchases": 61
}