{
  "kgsPellets": {
    "average": 33.77906976744186,
    "totalClaims": 172,
    "totalKgPellets": 5810
  },
  "carbonCredits": {
    "average": 369.54302325581307,
    "totalClaims": 172,
    "totalCarbonCredits": 63561.39999999985
  },
  "amountOfStoves": 168,
  "amountOfPurchases": 172
}