{
  "kgsPellets": {
    "average": 30.85308056872038,
    "totalClaims": 211,
    "totalKgPellets": 6510
  },
  "carbonCredits": {
    "average": 337.5327014217999,
    "totalClaims": 211,
    "totalCarbonCredits": 71219.39999999978
  },
  "amountOfStoves": 200,
  "amountOfPurchases": 211
}