{
  "kgsPellets": {
    "average": 31.58371040723982,
    "totalClaims": 663,
    "totalKgPellets": 20940
  },
  "carbonCredits": {
    "average": 345.5257918552071,
    "totalClaims": 663,
    "totalCarbonCredits": 229083.6000000023
  },
  "amountOfStoves": 244,
  "amountOfPurchases": 663
}